id,title,content,category,source
1,"Giáo dục 1","Sinh viên tham gia lớp học trí tuệ nhân tạo và nghiên cứu dữ liệu tại trường đại học. Bản tin số 1 cập nhật thông tin mới trong ngày.","education","sample"
2,"Công nghệ 1","Doanh nghiệp ra mắt nền tảng trí tuệ nhân tạo hỗ trợ xử lý dữ liệu và tự động hóa. Bản tin số 1 cập nhật thông tin mới trong ngày.","technology","sample"
3,"Thể thao 1","Đội bóng giành chiến thắng sau trận đấu kịch tính và vươn lên dẫn đầu bảng xếp hạng. Bản tin số 1 cập nhật thông tin mới trong ngày.","sports","sample"
4,"Giáo dục 2","Sinh viên tham gia lớp học trí tuệ nhân tạo và nghiên cứu dữ liệu tại trường đại học. Bản tin số 2 cập nhật thông tin mới trong ngày.","education","sample"
5,"Công nghệ 2","Doanh nghiệp ra mắt nền tảng trí tuệ nhân tạo hỗ trợ xử lý dữ liệu và tự động hóa. Bản tin số 2 cập nhật thông tin mới trong ngày.","technology","sample"
6,"Thể thao 2","Đội bóng giành chiến thắng sau trận đấu kịch tính và vươn lên dẫn đầu bảng xếp hạng. Bản tin số 2 cập nhật thông tin mới trong ngày.","sports","sample"
7,"Giáo dục 3","Sinh viên tham gia lớp học trí tuệ nhân tạo và nghiên cứu dữ liệu tại trường đại học. Bản tin số 3 cập nhật thông tin mới trong ngày.","education","sample"
8,"Công nghệ 3","Doanh nghiệp ra mắt nền tảng trí tuệ nhân tạo hỗ trợ xử lý dữ liệu và tự động hóa. Bản tin số 3 cập nhật thông tin mới trong ngày.","technology","sample"
9,"Thể thao 3","Đội bóng giành chiến thắng sau trận đấu kịch tính và vươn lên dẫn đầu bảng xếp hạng. Bản tin số 3 cập nhật thông tin mới trong ngày.","sports","sample"
10,"Giáo dục 4","Sinh viên tham gia lớp học trí tuệ nhân tạo và nghiên cứu dữ liệu tại trường đại học. Bản tin số 4 cập nhật thông tin mới trong ngày.","education","sample"
11,"Công nghệ 4","Doanh nghiệp ra mắt nền tảng trí tuệ nhân tạo hỗ trợ xử lý dữ liệu và tự động hóa. Bản tin số 4 cập nhật thông tin mới trong ngày.","technology","sample"
12,"Thể thao 4","Đội bóng giành chiến thắng sau trận đấu kịch tính và vươn lên dẫn đầu bảng xếp hạng. Bản tin số 4 cập nhật thông tin mới trong ngày.","sports","sample"
13,"Giáo dục 5","Sinh viên tham gia lớp học trí tuệ nhân tạo và nghiên cứu dữ liệu tại trường đại học. Bản tin số 5 cập nhật thông tin mới trong ngày.","education","sample"
14,"Công nghệ 5","Doanh nghiệp ra mắt nền tảng trí tuệ nhân tạo hỗ trợ xử lý dữ liệu và tự động hóa. Bản tin số 5 cập nhật thông tin mới trong ngày.","technology","sample"
15,"Thể thao 5","Đội bóng giành chiến thắng sau trận đấu kịch tính và vươn lên dẫn đầu bảng xếp hạng. Bản tin số 5 cập nhật thông tin mới trong ngày.","sports","sample"
16,"Giáo dục 6","Sinh viên tham gia lớp học trí tuệ nhân tạo và nghiên cứu dữ liệu tại trường đại học. Bản tin số 6 cập nhật thông tin mới trong ngày.","education","sample"
17,"Công nghệ 6","Doanh nghiệp ra mắt nền tảng trí tuệ nhân tạo hỗ trợ xử lý dữ liệu và tự động hóa. Bản tin số 6 cập nhật thông tin mới trong ngày.","technology","sample"
18,"Thể thao 6","Đội bóng giành chiến thắng sau trận đấu kịch tính và vươn lên dẫn đầu bảng xếp hạng. Bản tin số 6 cập nhật thông tin mới trong ngày.","sports","sample"
19,"Giáo dục 7","Sinh viên tham gia lớp học trí tuệ nhân tạo và nghiên cứu dữ liệu tại trường đại học. Bản tin số 7 cập nhật thông tin mới trong ngày.","education","sample"
20,"Công nghệ 7","Doanh nghiệp ra mắt nền tảng trí tuệ nhân tạo hỗ trợ xử lý dữ liệu và tự động hóa. Bản tin số 7 cập nhật thông tin mới trong ngày.","technology","sample"
21,"Thể thao 7","Đội bóng giành chiến thắng sau trận đấu kịch tính và vươn lên dẫn đầu bảng xếp hạng. Bản tin số 7 cập nhật thông tin mới trong ngày.","sports","sample"
22,"Giáo dục 8","Sinh viên tham gia lớp học trí tuệ nhân tạo và nghiên cứu dữ liệu tại trường đại học. Bản tin số 8 cập nhật thông tin mới trong ngày.","education","sample"
23,"Công nghệ 8","Doanh nghiệp ra mắt nền tảng trí tuệ nhân tạo hỗ trợ xử lý dữ liệu và tự động hóa. Bản tin số 8 cập nhật thông tin mới trong ngày.","technology","sample"
24,"Thể thao 8","Đội bóng giành chiến thắng sau trận đấu kịch tính và vươn lên dẫn đầu bảng xếp hạng. Bản tin số 8 cập nhật thông tin mới trong ngày.","sports","sample"
25,"Giáo dục 9","Sinh viên tham gia lớp học trí tuệ nhân tạo và nghiên cứu dữ liệu tại trường đại học. Bản tin số 9 cập nhật thông tin mới trong ngày.","education","sample"
26,"Công nghệ 9","Doanh nghiệp ra mắt nền tảng trí tuệ nhân tạo hỗ trợ xử lý dữ liệu và tự động hóa. Bản tin số 9 cập nhật thông tin mới trong ngày.","technology","sample"
27,"Thể thao 9","Đội bóng giành chiến thắng sau trận đấu kịch tính và vươn lên dẫn đầu bảng xếp hạng. Bản tin số 9 cập nhật thông tin mới trong ngày.","sports","sample"
28,"Giáo dục 10","Sinh viên tham gia lớp học trí tuệ nhân tạo và nghiên cứu dữ liệu tại trường đại học. Bản tin số 10 cập nhật thông tin mới trong ngày.","education","sample"
29,"Công nghệ 10","Doanh nghiệp ra mắt nền tảng trí tuệ nhân tạo hỗ trợ xử lý dữ liệu và tự động hóa. Bản tin số 10 cập nhật thông tin mới trong ngày.","technology","sample"
30,"Thể thao 10","Đội bóng giành chiến thắng sau trận đấu kịch tính và vươn lên dẫn đầu bảng xếp hạng. Bản tin số 10 cập nhật thông tin mới trong ngày.","sports","sample"
